"","percent_correct_avgs","percent_incorrect_avgs","TP_sum","FP_sum","TN_sum","FN_sum","precision_avgs","recall_avgs","ROC_Area_avgs"
"ZeroR",68.9221711,31.0778289,4280,1930,0,0,0.6892214,1,0.5
"OneR",65.64925754,34.35074246,3874,1727,203,406,0.69157443,0.9051052,0.50501306
"J48",68.9221711,31.0778289,4280,1930,0,0,0.6892214,1,0.5
"IBK",67.72887855,32.27112145,4156,1880,50,124,0.68851341,0.97100203,0.49927838
"NaiveBayes",47.43958014,52.56041986,1584,568,1362,2696,0.73475074,0.37031561,0.55157271
"SimpleLogistics",68.9221711,31.0778289,4280,1930,0,0,0.6892214,1,0.5023023
"SMO",68.9221711,31.0778289,4280,1930,0,0,0.6892214,1,0.5
"RandomForest",68.48796723,31.51203277,4249,1926,4,31,0.68807901,0.99274633,0.52156525
